,hap_id,hap,sample,accession
0,1,MS1,S_MN493881.1,MN493881.1
1,1,MS1,S_MN493882.1,MN493882.1
2,1,MS1,S_MN493886.1,MN493886.1
3,1,MS1,S_MN493887.1,MN493887.1
4,1,MS1,S_MN493902.1,MN493902.1
5,1,MS1,S_MN493903.1,MN493903.1
6,1,MS1,S_MN493917.1,MN493917.1
7,1,MS1,S_MN493918.1,MN493918.1
8,1,MS1,S_MN493920.1,MN493920.1
9,1,MS1,S_MN493925.1,MN493925.1
10,2,MS2,S_MN577382.1,MN577382.1
11,3,MS3,S_MN577386.1,MN577386.1
12,4,MS4,S_MN493881.1,MN493881.1
13,4,MS4,S_MN493882.1,MN493882.1
14,4,MS4,S_MN493886.1,MN493886.1
15,4,MS4,S_MN493887.1,MN493887.1
16,4,MS4,S_MN493901.1,MN493901.1
17,4,MS4,S_MN493902.1,MN493902.1
18,4,MS4,S_MN493903.1,MN493903.1
19,4,MS4,S_MN493917.1,MN493917.1
20,4,MS4,S_MN493918.1,MN493918.1
21,4,MS4,S_MN493919.1,MN493919.1
22,4,MS4,S_MN493920.1,MN493920.1
23,4,MS4,S_MN493925.1,MN493925.1
24,6,MS6,S_MN577369.1,MN577369.1
25,7,MS7,S_MN493910.1,MN493910.1
26,7,MS7,S_MN493922.1,MN493922.1
27,7,MS7,S_MN493923.1,MN493923.1
28,7,MS7,S_MN493924.1,MN493924.1
29,7,MS7,S_MN577364.1,MN577364.1
30,7,MS7,S_MN577365.1,MN577365.1
31,8,MS8,S_MN493890.1,MN493890.1
32,8,MS8,S_MN577372.1,MN577372.1
33,8,MS8,S_MN577384.1,MN577384.1
34,9,MS9,S_MN577367.1,MN577367.1
35,10,MS10,S_MN493890.1,MN493890.1
36,10,MS10,S_MN577372.1,MN577372.1
37,10,MS10,S_MN577384.1,MN577384.1
38,12,MS12,S_MN577376.1,MN577376.1
39,12,MS12,S_MN577377.1,MN577377.1
40,13,MS13,S_MN493885.1,MN493885.1
41,13,MS13,S_MN493892.1,MN493892.1
42,13,MS13,S_MN493900.1,MN493900.1
43,13,MS13,S_MN493905.1,MN493905.1
44,13,MS13,S_MN493914.1,MN493914.1
45,13,MS13,S_MN493915.1,MN493915.1
46,13,MS13,S_MN577368.1,MN577368.1
47,13,MS13,S_MN577378.1,MN577378.1
48,13,MS13,S_MN577389.1,MN577389.1
49,14,MS14,S_MN493885.1,MN493885.1
50,14,MS14,S_MN493890.1,MN493890.1
51,14,MS14,S_MN493892.1,MN493892.1
52,14,MS14,S_MN493900.1,MN493900.1
53,14,MS14,S_MN493905.1,MN493905.1
54,14,MS14,S_MN493914.1,MN493914.1
55,14,MS14,S_MN493915.1,MN493915.1
56,14,MS14,S_MN577368.1,MN577368.1
57,14,MS14,S_MN577372.1,MN577372.1
58,14,MS14,S_MN577376.1,MN577376.1
59,14,MS14,S_MN577377.1,MN577377.1
60,14,MS14,S_MN577384.1,MN577384.1
61,14,MS14,S_MN577389.1,MN577389.1
62,15,MS15,S_MN493910.1,MN493910.1
63,16,MS16,S_MN577380.1,MN577380.1
64,18,MS18,S_MN493875.1,MN493875.1
65,18,MS18,S_MN493912.1,MN493912.1
66,19,MS19,S_MN577383.1,MN577383.1
67,20,MS20,S_MN493904.1,MN493904.1
68,21,MS21,S_MN577371.1,MN577371.1
69,22,MS22,S_MN493879.1,MN493879.1
70,23,MS23,S_MN493878.1,MN493878.1
71,24,MS24,S_MN493898.1,MN493898.1
72,25,MS25,S_MN577381.1,MN577381.1
73,26,MS26,S_MN493884.1,MN493884.1
74,26,MS26,S_MN493921.1,MN493921.1
75,27,MS27,S_MN577370.1,MN577370.1
76,29,MS29,S_MN493895.1,MN493895.1
77,29,MS29,S_MN493896.1,MN493896.1
78,29,MS29,S_MN493899.1,MN493899.1
79,29,MS29,S_MN577388.1,MN577388.1
80,31,MS31,S_MN493913.1,MN493913.1
81,32,MS32,S_MN493883.1,MN493883.1
82,32,MS32,S_MN493888.1,MN493888.1
83,32,MS32,S_MN493889.1,MN493889.1
84,32,MS32,S_MN493916.1,MN493916.1
85,33,MS33,S_MN493888.1,MN493888.1
86,33,MS33,S_MN493889.1,MN493889.1
87,34,MS34,S_MN493888.1,MN493888.1
88,35,MS35,S_MN493874.1,MN493874.1
89,35,MS35,S_MN493876.1,MN493876.1
90,35,MS35,S_MN493907.1,MN493907.1
91,35,MS35,S_MN493909.1,MN493909.1
92,35,MS35,S_MN577375.1,MN577375.1
93,36,MS36,S_MN493874.1,MN493874.1
94,36,MS36,S_MN493876.1,MN493876.1
95,36,MS36,S_MN493907.1,MN493907.1
96,36,MS36,S_MN493909.1,MN493909.1
97,36,MS36,S_MN577375.1,MN577375.1
98,37,MS37,S_MN577385.1,MN577385.1
